date,aqi
2019-01-01,181.0636721966358
2019-01-02,174.2385360581926
2019-01-03,175.0808767713037
2019-01-04,174.38238599914595
2019-01-05,178.9380198807735
2019-01-06,186.0236993344959
2019-01-07,183.05449951333705
2019-01-08,183.69794764735929
2019-01-09,188.87822516089733
2019-01-10,185.86158094197353
2019-01-11,193.85491031404607
2019-01-12,193.21056727469093
2019-01-13,187.09438804724152
2019-01-14,203.2886672916453
2019-01-15,189.38440762962438
2019-01-16,197.46164264180229
2019-01-17,197.65893341134867
2019-01-18,188.53493908975815
2019-01-19,192.43329388851063
2019-01-20,204.3668275708207
2019-01-21,192.90564928141748
2019-01-22,202.83394923052185
2019-01-23,202.16496357418993
2019-01-24,206.94974584814426
2019-01-25,203.24102112375542
2019-01-26,210.7691352383562
2019-01-27,208.1166505787686
2019-01-28,205.45735997076952
2019-01-29,211.60536803698125
2019-01-30,213.45009390917448
2019-01-31,210.54170478918778
2019-02-01,211.7060343219039
2019-02-02,211.25013390543117
2019-02-03,212.8278123924812
2019-02-04,211.4768522519989
2019-02-05,214.58035207734332
2019-02-06,217.70833571194677
2019-02-07,215.23768824471045
2019-02-08,216.591854285848
2019-02-09,220.2208847242759
2019-02-10,220.5500277345351
2019-02-11,221.52074739054837
2019-02-12,219.44119867674831
2019-02-13,222.16459087504322
2019-02-14,217.2326461426452
2019-02-15,221.62498813597045
2019-02-16,225.6022764325801
2019-02-17,224.50768250615917
2019-02-18,224.9993954178992
2019-02-19,223.20669768083624
2019-02-20,223.08703448033486
2019-02-21,223.6307098976703
2019-02-22,227.0747143786888
2019-02-23,221.59816458442185
2019-02-24,228.7470564388092
2019-02-25,225.79698198399052
2019-02-26,228.9833463823717
2019-02-27,227.8368006354678
2019-02-28,224.72009888049757
2019-03-01,229.26370012304773
2019-03-02,225.0938768020037
2019-03-03,228.43652721196452
2019-03-04,229.37452371279707
2019-03-05,229.4057395586042
2019-03-06,228.14766929206863
2019-03-07,228.12071945622094
2019-03-08,227.2583042654348
2019-03-09,228.79948374267812
2019-03-10,227.84671500300198
2019-03-11,230.73106055310583
2019-03-12,232.05326610220834
2019-03-13,231.24320345778818
2019-03-14,230.13656850639643
2019-03-15,233.38094801802453
2019-03-16,232.10960847856086
2019-03-17,229.7626511361213
2019-03-18,227.90647685502992
2019-03-19,229.95064845860176
2019-03-20,227.73031251156564
2019-03-21,233.44070493168843
2019-03-22,232.63538351728738
2019-03-23,232.10199640575337
2019-03-24,234.64361248756418
2019-03-25,232.89508305529534
2019-03-26,232.8687459338108
2019-03-27,231.61129757006952
2019-03-28,227.7901663573542
2019-03-29,232.0899210941956
2019-03-30,232.3946011037381
2019-03-31,232.78832504055117
2019-04-01,231.99445818615035
2019-04-02,234.61826265440274
2019-04-03,234.04737515017914
2019-04-04,233.8505416482545
2019-04-05,233.29424489145242
2019-04-06,235.0054148602664
2019-04-07,233.17945041706153
2019-04-08,235.00035826680283
2019-04-09,233.10893717906313
2019-04-10,234.77195926658004
2019-04-11,235.94728025276598
2019-04-12,231.7133311865005
2019-04-13,234.42972835288367
2019-04-14,231.84862712256512
2019-04-15,234.97283616141073
2019-04-16,228.50770897351063
2019-04-17,231.6648345205861
2019-04-18,230.60738570586471
2019-04-19,233.22092177811555
2019-04-20,227.97767286999073
2019-04-21,231.9955886668607
2019-04-22,229.42138921499566
2019-04-23,230.70521860358488
2019-04-24,230.1617425209299
2019-04-25,231.6267201264477
2019-04-26,227.70675679195594
2019-04-27,230.61606526851628
2019-04-28,228.78168493926532
2019-04-29,229.1717075241153
2019-04-30,227.31718513136255
2019-05-01,231.2114510198857
2019-05-02,229.69343216028093
2019-05-03,225.50084585202657
2019-05-04,228.81909287964652
2019-05-05,222.83297251070397
2019-05-06,227.2671562470665
2019-05-07,224.29003377854093
2019-05-08,229.6876489450692
2019-05-09,225.9483258241604
2019-05-10,222.35978251009837
2019-05-11,221.2255971633917
2019-05-12,219.18356592121782
2019-05-13,224.35336682865747
2019-05-14,221.45497282608352
2019-05-15,222.1640499792332
2019-05-16,224.77018375126357
2019-05-17,222.84199864210498
2019-05-18,219.71232004969525
2019-05-19,220.44856761072495
2019-05-20,216.91432190997187
2019-05-21,221.64224186163082
2019-05-22,216.29424751668773
2019-05-23,216.88280749332688
2019-05-24,213.64891075343763
2019-05-25,214.84569148780585
2019-05-26,219.45612902374796
2019-05-27,207.86734765774912
2019-05-28,213.08865044882035
2019-05-29,214.86055560995274
2019-05-30,210.0212143957225
2019-05-31,207.81688449942087
2019-06-01,207.29901978569526
2019-06-02,209.7604816024926
2019-06-03,208.65131317078504
2019-06-04,204.31291401070592
2019-06-05,208.36702665116374
2019-06-06,203.60117835799528
2019-06-07,202.8855559085699
2019-06-08,197.7555140933733
2019-06-09,204.5032529616905
2019-06-10,199.84050846764038
2019-06-11,199.95795385243827
2019-06-12,200.4757463612061
2019-06-13,203.0216047582191
2019-06-14,199.00599776952183
2019-06-15,196.91177803944052
2019-06-16,195.76882478511612
2019-06-17,197.54910031933883
2019-06-18,188.13772191441123
2019-06-19,187.40206926318214
2019-06-20,186.1240149220358
2019-06-21,192.68603770616303
2019-06-22,187.10437579192438
2019-06-23,186.96657722588876
2019-06-24,181.1507411550224
2019-06-25,182.2557137860833
2019-06-26,181.29801855608986
2019-06-27,181.52960225790082
2019-06-28,184.33939586319858
2019-06-29,177.98680354554273
2019-06-30,179.76854345383248
2019-07-01,177.09420351070216
2019-07-02,175.82768845264178
2019-07-03,163.843948658725
2019-07-04,170.35333042901271
2019-07-05,168.9504765961219
2019-07-06,158.54566522784594
2019-07-07,167.42795164934452
2019-07-08,164.06387810909914
2019-07-09,162.4437586265527
2019-07-10,162.76287594181807
2019-07-11,152.13227293767187
2019-07-12,150.2906413179489
2019-07-13,156.39028626151998
2019-07-14,166.99689393309689
2019-07-15,149.41857190955483
2019-07-16,141.56970584865107
2019-07-17,158.28732509592132
2019-07-18,144.25838820911213
2019-07-19,148.13801041233287
2019-07-20,146.54258534330918
2019-07-21,147.65400553828113
2019-07-22,143.2494205558713
2019-07-23,142.50263126937202
2019-07-24,137.839704420852
2019-07-25,136.70489459254978
2019-07-26,137.72793413281042
2019-07-27,122.53342705042785
2019-07-28,123.38727808164168
2019-07-29,130.9113466370418
2019-07-30,124.3456547495264
2019-07-31,127.59378655177224
2019-08-01,124.59249084745807
2019-08-02,121.23725301617273
2019-08-03,125.82194007480219
2019-08-04,115.069931477967
2019-08-05,116.61364250447492
2019-08-06,119.30276804845353
2019-08-07,113.31671880186386
2019-08-08,119.39383269838126
2019-08-09,118.35092236040461
2019-08-10,99.09871869823219
2019-08-11,110.17830512805308
2019-08-12,104.3347956131489
2019-08-13,107.15527346277823
2019-08-14,103.22726243325039
2019-08-15,102.29846917639472
2019-08-16,113.27780562714311
2019-08-17,103.19950134985544
2019-08-18,104.30258884438126
2019-08-19,96.86054599870094
2019-08-20,103.41807171562054
2019-08-21,96.16112809667749
2019-08-22,103.11191815388625
2019-08-23,88.30726021729261
2019-08-24,84.05227637478063
2019-08-25,91.6410843874073
2019-08-26,99.39088701682039
2019-08-27,89.95301592434711
2019-08-28,88.86459261188881
2019-08-29,93.61113698125676
2019-08-30,87.23688688918655
2019-08-31,87.74679585501379
2019-09-01,87.44452204757725
2019-09-02,85.85334754887793
2019-09-03,85.3462440607752
2019-09-04,82.72105690918892
2019-09-05,91.71925515740053
2019-09-06,85.58163901688219
2019-09-07,85.18935121175791
2019-09-08,81.15422602505954
2019-09-09,74.04228360900629
2019-09-10,81.46013275992621
2019-09-11,80.53420341603051
2019-09-12,78.95951109008124
2019-09-13,79.86032461348148
2019-09-14,84.19381563806317
2019-09-15,80.27080550590681
2019-09-16,82.92147246999481
2019-09-17,80.02663667457578
2019-09-18,82.88885501038516
2019-09-19,87.75579994527257
2019-09-20,75.34552389045456
2019-09-21,79.47398266524893
2019-09-22,69.07976414194728
2019-09-23,77.45150467682402
2019-09-24,76.41153713054511
2019-09-25,77.21452316357492
2019-09-26,77.17144299322261
2019-09-27,74.01917513902983
2019-09-28,78.46496018850384
2019-09-29,79.13423642838912
2019-09-30,69.34947912393339
2019-10-01,73.06376293010658
2019-10-02,70.72121964729011
2019-10-03,75.88267949102303
2019-10-04,76.67300908703518
2019-10-05,72.00382662002337
2019-10-06,74.05210430381908
2019-10-07,69.7036328711219
2019-10-08,80.7049419738124
2019-10-09,68.27348333444529
2019-10-10,79.2528439449733
2019-10-11,77.43077939831966
2019-10-12,78.43040516346709
2019-10-13,79.43866126121871
2019-10-14,77.36203391290707
2019-10-15,78.53850090974633
2019-10-16,79.66407271659773
2019-10-17,79.82173017970355
2019-10-18,69.97528193554457
2019-10-19,76.31346486934613
2019-10-20,88.61422111946295
2019-10-21,77.9031281622624
2019-10-22,82.32172651634748
2019-10-23,83.95151099733637
2019-10-24,77.17944834340973
2019-10-25,82.071365538449
2019-10-26,85.26946429452536
2019-10-27,82.59447080844052
2019-10-28,85.40922436132794
2019-10-29,87.13357951022
2019-10-30,92.19906757694015
2019-10-31,86.90009094585666
2019-11-01,90.78030113457864
2019-11-02,86.42087457946185
2019-11-03,93.64238292274499
2019-11-04,88.62799595500171
2019-11-05,93.59993968117273
2019-11-06,87.23972083996007
2019-11-07,102.60013710343517
2019-11-08,95.08787550895984
2019-11-09,96.23869595659723
2019-11-10,94.7108610939911
2019-11-11,97.19440819985357
2019-11-12,101.74945690240958
2019-11-13,113.93517735980119
2019-11-14,108.64831573330788
2019-11-15,105.32505264029415
2019-11-16,103.54943399541932
2019-11-17,107.82633622828371
2019-11-18,103.29853181425574
2019-11-19,104.48309766290076
2019-11-20,108.76318640743631
2019-11-21,115.55295141322419
2019-11-22,107.17214058220615
2019-11-23,117.75978042644697
2019-11-24,109.81589778923124
2019-11-25,116.14015560495277
2019-11-26,115.51725383028096
2019-11-27,123.67801368987892
2019-11-28,122.79808560816983
2019-11-29,124.87080096232495
2019-11-30,128.84780068911508
2019-12-01,125.41834018733074
2019-12-02,124.1974790698867
2019-12-03,125.86837314520692
2019-12-04,127.90844612299695
2019-12-05,139.49051314612652
2019-12-06,132.92809324998697
2019-12-07,129.0361445730575
2019-12-08,128.46427081988386
2019-12-09,135.58367722198975
2019-12-10,137.8490862064558
2019-12-11,140.058141999419
2019-12-12,142.07558217744642
2019-12-13,154.0656881817098
2019-12-14,150.82129054957574
2019-12-15,138.24098715767605
2019-12-16,155.46716955798985
2019-12-17,157.96035157814853
2019-12-18,152.59247299924954
2019-12-19,151.27848116152109
2019-12-20,159.59868548833077
2019-12-21,160.80167251139795
2019-12-22,160.88662537092665
2019-12-23,163.3907193302839
2019-12-24,168.17921681981858
2019-12-25,167.80493173859432
2019-12-26,156.41916675654187
2019-12-27,161.21578232184237
2019-12-28,175.1442709744993
2019-12-29,159.28494864539354
2019-12-30,171.05997226040157
2019-12-31,175.50102985305688
2020-01-01,169.54584863436497
2020-01-02,178.16359163259733
2020-01-03,172.84252494106758
2020-01-04,180.35157935054085
2020-01-05,175.55746223083932
2020-01-06,182.1218302913593
2020-01-07,179.56295892888548
2020-01-08,182.4426954285023
2020-01-09,191.75282645953794
2020-01-10,184.90821925156433
2020-01-11,183.14820219569887
2020-01-12,190.53034427899718
2020-01-13,195.228280973782
2020-01-14,189.29049072586108
2020-01-15,191.63468009268087
2020-01-16,191.43927845245216
2020-01-17,194.463809666354
2020-01-18,200.23079826817118
2020-01-19,199.0622913591491
2020-01-20,204.55443526103264
2020-01-21,197.35107058147136
2020-01-22,203.56845169500951
2020-01-23,201.87296987118208
2020-01-24,203.5173486599955
2020-01-25,206.22179718917874
2020-01-26,213.14593767616742
2020-01-27,210.86690196277598
2020-01-28,206.83393304863188
2020-01-29,208.6545781846781
2020-01-30,213.2182350212501
2020-01-31,208.76784180131716
2020-02-01,211.41950569824678
2020-02-02,212.23412492132078
2020-02-03,216.20507713029852
2020-02-04,217.33488923877533
2020-02-05,214.6787492994958
2020-02-06,214.293535129817
2020-02-07,222.22237462783872
2020-02-08,212.8403788825567
2020-02-09,217.74725575567572
2020-02-10,217.9220507286995
2020-02-11,217.5340913041035
2020-02-12,218.9965546380982
2020-02-13,217.97488749924807
2020-02-14,217.47757141129983
2020-02-15,223.47079227628427
2020-02-16,222.12614450476175
2020-02-17,222.07059864675998
2020-02-18,224.30854565977828
2020-02-19,227.5393550152864
2020-02-20,226.91441048254669
2020-02-21,225.78878250021916
2020-02-22,220.77293665329609
2020-02-23,222.7479094764355
2020-02-24,227.51189107084696
2020-02-25,224.89857181089187
2020-02-26,226.22272591238706
2020-02-27,228.80737988922945
2020-02-28,227.78309972614554
2020-02-29,225.6607222862632
2020-03-01,231.72771712541834
2020-03-02,229.93039579151502
2020-03-03,233.05490521132867
2020-03-04,229.3624223772232
2020-03-05,227.89315883713755
2020-03-06,227.79898440063982
2020-03-07,230.3318564443025
2020-03-08,227.55632941932075
2020-03-09,231.57944871587773
2020-03-10,230.11676290618166
2020-03-11,231.98484799022157
2020-03-12,232.86819893175908
2020-03-13,232.2779318115943
2020-03-14,230.7811743782466
2020-03-15,232.5697953471203
2020-03-16,235.11252291404654
2020-03-17,231.88467796744277
2020-03-18,234.7946352461235
2020-03-19,235.6535487828352
2020-03-20,230.03725291604673
2020-03-21,233.07794953975107
2020-03-22,236.2442638999496
2020-03-23,234.52711115789
2020-03-24,231.06314296729826
2020-03-25,232.38967469520085
2020-03-26,231.98654228028303
2020-03-27,228.34790907331654
2020-03-28,234.14003762805197
2020-03-29,233.28329233087325
2020-03-30,234.7410341234194
2020-03-31,232.56476701290327
2020-04-01,235.7224916441076
2020-04-02,231.5766132922713
2020-04-03,234.5114381595298
2020-04-04,233.14118872471985
2020-04-05,236.15544494836965
2020-04-06,232.5009744755256
2020-04-07,229.45996940567474
2020-04-08,233.8947275405104
2020-04-09,233.3428025608945
2020-04-10,236.066418176425
2020-04-11,232.956769657173
2020-04-12,228.32743820378016
2020-04-13,230.92682067649991
2020-04-14,233.46668278704368
2020-04-15,230.4729853663385
2020-04-16,230.6596652071404
2020-04-17,230.50442390734707
2020-04-18,231.5248867807687
2020-04-19,233.7600867913319
2020-04-20,229.2238660478376
2020-04-21,229.0165205345684
2020-04-22,231.99811057058744
2020-04-23,234.84772285493176
2020-04-24,228.131460192954
2020-04-25,232.34434445407626
2020-04-26,229.00574528476017
2020-04-27,229.04510908059484
2020-04-28,226.6932385268005
2020-04-29,228.3640392544118
2020-04-30,230.65723721892297
2020-05-01,228.14713527642184
2020-05-02,229.9126480107289
2020-05-03,225.249979280093
2020-05-04,224.83400906101568
2020-05-05,225.3560201510692
2020-05-06,227.75086349602492
2020-05-07,229.76643985192885
2020-05-08,229.50066593720717
2020-05-09,223.29534724683668
2020-05-10,226.3037599857577
2020-05-11,218.35009186791007
2020-05-12,224.37745043847812
2020-05-13,224.34886963874897
2020-05-14,224.10461086521715
2020-05-15,218.96196963359898
2020-05-16,223.00028248375602
2020-05-17,222.60856895032367
2020-05-18,222.69809737025784
2020-05-19,220.93039224212103
2020-05-20,221.3448182894103
2020-05-21,217.26914895577946
2020-05-22,217.3158570896245
2020-05-23,216.15987043303056
2020-05-24,211.02504976081454
2020-05-25,209.48401039051458
2020-05-26,213.72753971969198
2020-05-27,215.3718571604736
2020-05-28,211.10292122579872
2020-05-29,212.75031990007432
2020-05-30,209.01615604585643
2020-05-31,207.69986158471062
2020-06-01,208.02004429067185
2020-06-02,211.51939659577616
2020-06-03,209.58793269897532
2020-06-04,201.11158385645624
2020-06-05,210.57215478607853
2020-06-06,208.35643129855802
2020-06-07,205.6242030906843
2020-06-08,205.21826704491014
2020-06-09,206.29575667317903
2020-06-10,198.11772179980753
2020-06-11,198.7149384294078
2020-06-12,200.7590693353586
2020-06-13,196.94286014464356
2020-06-14,197.81937083469623
2020-06-15,194.47563162020464
2020-06-16,193.8444099196598
2020-06-17,195.22209338060142
2020-06-18,183.85341609505136
2020-06-19,190.93246480246523
2020-06-20,190.99663413682214
2020-06-21,186.96314979223914
2020-06-22,190.58873992528873
2020-06-23,190.1951050173417
2020-06-24,176.11059415158118
2020-06-25,183.45719582065183
2020-06-26,174.76274712949672
2020-06-27,184.6283090040145
2020-06-28,180.8760130165537
2020-06-29,181.27956593685388
2020-06-30,170.84009259772841
2020-07-01,164.97213563972434
2020-07-02,170.46956139905384
2020-07-03,172.27507085059312
2020-07-04,171.38787982678366
2020-07-05,166.06010000839254
2020-07-06,164.3105599341474
2020-07-07,163.98948710986392
2020-07-08,163.091369714325
2020-07-09,158.63081810696502
2020-07-10,150.4519982412531
2020-07-11,148.8891304134525
2020-07-12,151.61964496597008
2020-07-13,153.6095299581751
2020-07-14,153.73032311786199
2020-07-15,147.202604705415
2020-07-16,149.00475051638074
2020-07-17,151.07886050667696
2020-07-18,149.55701436489252
2020-07-19,139.83534270612577
2020-07-20,137.41800633357298
2020-07-21,137.28689025502402
2020-07-22,138.8091997677708
2020-07-23,147.63457076884308
2020-07-24,141.97805607872505
2020-07-25,138.2182893480703
2020-07-26,134.18679662477683
2020-07-27,127.88579835334438
2020-07-28,136.10357317961504
2020-07-29,130.62937694046548
2020-07-30,124.78114256342438
2020-07-31,131.45918267296202
2020-08-01,127.39288438494346
2020-08-02,123.30236514576626
2020-08-03,129.95987826398735
2020-08-04,116.88911238923512
2020-08-05,122.69426108882831
2020-08-06,115.99104017045768
2020-08-07,117.17360281710003
2020-08-08,112.57488885673895
2020-08-09,106.56269256249983
2020-08-10,108.29518360164248
2020-08-11,110.68494314018157
2020-08-12,110.77380978409028
2020-08-13,109.00478377989239
2020-08-14,98.98806106341661
2020-08-15,96.96913388282788
2020-08-16,97.35850960085612
2020-08-17,93.90463452043231
2020-08-18,87.84979850469502
2020-08-19,100.97982864541905
2020-08-20,97.06821976154218
2020-08-21,103.75923159116495
2020-08-22,93.02692799422172
2020-08-23,95.54362800938448
2020-08-24,85.02431854402877
2020-08-25,98.43923241772518
2020-08-26,89.72246415862085
2020-08-27,86.0489553106665
2020-08-28,90.74287875625983
2020-08-29,90.9634531712466
2020-08-30,83.62108045808372
2020-08-31,83.04377821061394
2020-09-01,87.11495192601281
2020-09-02,85.77109363186568
2020-09-03,88.74815334331113
2020-09-04,93.31213233031984
2020-09-05,88.0422280070138
2020-09-06,88.55402746098501
2020-09-07,81.48689817257863
2020-09-08,89.84494742456505
2020-09-09,79.78135613479206
2020-09-10,84.81545626146548
2020-09-11,76.59064350776208
2020-09-12,74.26149042851054
2020-09-13,88.07865551116979
2020-09-14,76.90718286169422
2020-09-15,72.22209007634089
2020-09-16,72.96030177478211
2020-09-17,78.54776187644909
2020-09-18,78.08591682027561
2020-09-19,74.13751450419083
2020-09-20,81.52975216771223
2020-09-21,78.42885929415593
2020-09-22,77.65282994919956
2020-09-23,73.34723501479837
2020-09-24,72.93800152423296
2020-09-25,73.02426430589685
2020-09-26,71.71524509048442
2020-09-27,69.90212169386008
2020-09-28,73.24468958464008
2020-09-29,80.90840038308771
2020-09-30,69.84842460351246
2020-10-01,73.78562115101062
2020-10-02,68.6653966178364
2020-10-03,76.87318714578704
2020-10-04,80.53047705789557
2020-10-05,72.13491315318338
2020-10-06,74.81171763225929
2020-10-07,76.58821292949013
2020-10-08,78.6596061797372
2020-10-09,75.40374092332533
2020-10-10,82.85800740898543
2020-10-11,78.51370254295627
2020-10-12,77.52660352942596
2020-10-13,69.8029593772333
2020-10-14,82.23586780533917
2020-10-15,85.56302946204916
2020-10-16,79.78470963313886
2020-10-17,85.48106049280581
2020-10-18,89.552199611705
2020-10-19,78.23247660345757
2020-10-20,78.83944413587427
2020-10-21,87.04595745205233
2020-10-22,83.78006501772512
2020-10-23,87.69530280166656
2020-10-24,76.87895778103454
2020-10-25,88.02092739476846
2020-10-26,90.57183176132821
2020-10-27,85.86844745405458
2020-10-28,84.60441406808182
2020-10-29,88.98035225411202
2020-10-30,85.51495186550781
2020-10-31,83.23136086975794
2020-11-01,91.58307216226346
2020-11-02,85.8770570516796
2020-11-03,90.19425608602583
2020-11-04,87.72889223271314
2020-11-05,94.64085062884551
2020-11-06,99.86848135835473
2020-11-07,90.51754216424044
2020-11-08,90.43020804348939
2020-11-09,91.93071852470582
2020-11-10,100.49575258468901
2020-11-11,105.4978576480521
2020-11-12,109.54991150074015
2020-11-13,103.64022350416433
2020-11-14,102.78122757618081
2020-11-15,109.61893363195063
2020-11-16,109.2269413836988
2020-11-17,104.63187507427344
2020-11-18,114.83882047909646
2020-11-19,110.94049439124473
2020-11-20,115.623798487882
2020-11-21,109.934813340685
2020-11-22,110.99709766657067
2020-11-23,122.06828111820352
2020-11-24,109.16488165080976
2020-11-25,117.43124355008887
2020-11-26,123.57179038504775
2020-11-27,121.94178732030385
2020-11-28,115.74096462004827
2020-11-29,118.82597845265929
2020-11-30,124.33027439668128
2020-12-01,125.86255999335567
2020-12-02,129.0846309442907
2020-12-03,141.42246449801718
2020-12-04,125.74737142473676
2020-12-05,134.72193929854453
2020-12-06,144.6486301364262
2020-12-07,131.9362297563359
2020-12-08,141.2552304409097
2020-12-09,136.34558845654084
2020-12-10,146.3738490752095
2020-12-11,140.50422244826626
2020-12-12,151.9649512530769
2020-12-13,151.32445971680258
2020-12-14,143.68554762001202
2020-12-15,156.5677596599931
2020-12-16,152.5935126740979
2020-12-17,156.0988416771205
2020-12-18,149.30704339904844
2020-12-19,146.96077549231003
2020-12-20,158.35140606611992
2020-12-21,161.46663667307925
2020-12-22,164.35450592166927
2020-12-23,161.85393139789727
2020-12-24,165.87517343026275
2020-12-25,167.46441352205014
2020-12-26,162.6968266347664
2020-12-27,175.99050377026367
2020-12-28,167.69846133920683
2020-12-29,174.06330906523738
2020-12-30,173.02557236908095
2020-12-31,175.14617285397435
2021-01-01,174.6649214464199
2021-01-02,177.7954655200576
2021-01-03,184.88113097024362
2021-01-04,186.13627331875594
2021-01-05,184.4648250167618
2021-01-06,177.08801240677403
2021-01-07,179.38235493679102
2021-01-08,179.27489535361462
2021-01-09,185.2884090653827
2021-01-10,188.56682889328945
2021-01-11,182.42020352395318
2021-01-12,187.61748355918508
2021-01-13,198.14829340670423
2021-01-14,186.2854484021698
2021-01-15,198.47816281485237
2021-01-16,199.0315358631346
2021-01-17,193.46049384736685
2021-01-18,205.4976954376859
2021-01-19,200.2943499131861
2021-01-20,193.65102975246108
2021-01-21,200.97583158399632
2021-01-22,201.62090274347722
2021-01-23,203.46862745364078
2021-01-24,204.13863882395927
2021-01-25,202.33574188943695
2021-01-26,198.14722256952808
2021-01-27,208.9835513936352
2021-01-28,208.04203029861577
2021-01-29,205.0174072832655
2021-01-30,210.96729938755115
2021-01-31,213.6106330940905
2021-02-01,208.61921742656187
2021-02-02,212.01036576517
2021-02-03,211.51759807815975
2021-02-04,212.7300084222822
2021-02-05,214.52929240085948
2021-02-06,219.29400417585416
2021-02-07,210.2155885583683
2021-02-08,213.43659741328864
2021-02-09,222.70920417032985
2021-02-10,216.08505277416373
2021-02-11,217.75522473601615
2021-02-12,219.53194838725946
2021-02-13,221.80337860261974
2021-02-14,220.92761625909083
2021-02-15,222.96558787718885
2021-02-16,219.640909435562
2021-02-17,222.59115859171507
2021-02-18,219.6353523757253
2021-02-19,224.3382522319653
2021-02-20,223.4575739213163
2021-02-21,227.097463123718
2021-02-22,224.29213816545425
2021-02-23,223.91590463388988
2021-02-24,224.72182076996148
2021-02-25,228.05906734465364
2021-02-26,225.07676317006198
2021-02-27,227.76350121724647
2021-02-28,229.62786372678462
2021-03-01,227.38201011411635
2021-03-02,230.70936700914257
2021-03-03,229.80172854349055
2021-03-04,231.1314579482845
2021-03-05,228.246346330354
2021-03-06,231.72737309826618
2021-03-07,228.3995669386839
2021-03-08,228.04691651623685
2021-03-09,230.07525770867971
2021-03-10,229.79506597621824
2021-03-11,232.39826777430042
2021-03-12,229.44261933620587
2021-03-13,234.5882423899278
2021-03-14,229.85535867420836
2021-03-15,229.62112391104628
2021-03-16,225.99490032989118
2021-03-17,232.9327388160102
2021-03-18,234.21845070342928
2021-03-19,234.38825007945974
2021-03-20,233.36011108970922
2021-03-21,232.83411830963163
2021-03-22,233.95725360163604
2021-03-23,232.12682594364375
2021-03-24,234.58270884321365
2021-03-25,233.79009000212622
2021-03-26,230.0845662589508
2021-03-27,231.52053745290488
2021-03-28,235.09001527131758
2021-03-29,231.04302127381783
2021-03-30,235.08996694142766
2021-03-31,233.5390502595784
2021-04-01,233.18483109937745
2021-04-02,236.79601555088053
2021-04-03,236.7923277312245
2021-04-04,234.90644545558533
2021-04-05,232.50111100387917
2021-04-06,230.491357327461
2021-04-07,233.08876695673882
2021-04-08,233.0144524217016
2021-04-09,232.55215806960635
2021-04-10,232.03784075525775
2021-04-11,232.69507896813076
2021-04-12,232.53720926021896
2021-04-13,232.24096641654552
2021-04-14,234.47034667664258
2021-04-15,234.99698648152332
2021-04-16,230.59798709597027
2021-04-17,231.0894078514288
2021-04-18,232.2530618633837
2021-04-19,233.01749457546163
2021-04-20,230.13128654536484
2021-04-21,232.01351807527016
2021-04-22,230.5086408822436
2021-04-23,234.73987564131141
2021-04-24,231.26355837552222
2021-04-25,233.0035284600062
2021-04-26,232.6413460183903
2021-04-27,232.08382246415877
2021-04-28,229.83206772206006
2021-04-29,229.7023165348409
2021-04-30,230.12127191692255
2021-05-01,228.31931603809622
2021-05-02,225.71238561314328
2021-05-03,225.74798564903372
2021-05-04,229.56506076923378
2021-05-05,225.8475340811765
2021-05-06,225.24436190401605
2021-05-07,228.90042797317537
2021-05-08,227.46339983096624
2021-05-09,226.75359180388747
2021-05-10,227.6409969679726
2021-05-11,226.39259770531436
2021-05-12,224.00559354568335
2021-05-13,223.35650995055707
2021-05-14,224.69082055169537
2021-05-15,223.72049186418508
2021-05-16,219.31337115819758
2021-05-17,217.9788390056339
2021-05-18,223.29674198873045
2021-05-19,221.03499428541576
2021-05-20,223.93704171517356
2021-05-21,216.68389204748507
2021-05-22,215.4590637657158
2021-05-23,212.26275660560205
2021-05-24,216.29558658938853
2021-05-25,214.80664552856783
2021-05-26,215.75080536251602
2021-05-27,216.98119937894415
2021-05-28,216.3290643710612
2021-05-29,214.78850053901309
2021-05-30,212.58028960419546
2021-05-31,211.36992655510124
2021-06-01,210.9275543864301
2021-06-02,207.13958090707857
2021-06-03,206.08716774710618
2021-06-04,213.58906746562226
2021-06-05,209.78062591728997
2021-06-06,204.1605996358967
2021-06-07,198.53168461503634
2021-06-08,206.09403319593815
2021-06-09,207.46675596887718
2021-06-10,201.88298400088598
2021-06-11,201.7544561956308
2021-06-12,200.53995763071762
2021-06-13,198.85797787495162
2021-06-14,198.3737632402117
2021-06-15,201.06361362491126
2021-06-16,195.87058689361263
2021-06-17,197.69244730653853
2021-06-18,193.88386437997832
2021-06-19,192.44568823417956
2021-06-20,186.13277862541426
2021-06-21,195.13279355818042
2021-06-22,190.32423408038775
2021-06-23,185.14224200262933
2021-06-24,181.86884219056415
2021-06-25,180.38905034866218
2021-06-26,188.8343718195611
2021-06-27,179.61392469965318
2021-06-28,179.97503780552688
2021-06-29,174.27717097230183
2021-06-30,177.2586687018361
2021-07-01,175.70717805918605
2021-07-02,166.7471683167701
2021-07-03,176.27604569041978
2021-07-04,167.07992568108793
2021-07-05,168.79129040435606
2021-07-06,165.80305725857474
2021-07-07,168.0660390387594
2021-07-08,164.86951038899082
2021-07-09,163.78192111660627
2021-07-10,159.4348685098961
2021-07-11,169.895086304725
2021-07-12,158.8356740684841
2021-07-13,156.35303947974157
2021-07-14,165.66586970322865
2021-07-15,153.65865128072153
2021-07-16,145.1165767512903
2021-07-17,149.18872339246974
2021-07-18,145.16691133551163
2021-07-19,151.14094528731707
2021-07-20,142.74341984126303
2021-07-21,141.09107509696574
2021-07-22,137.03747701897913
2021-07-23,143.55555804580553
2021-07-24,134.15857102224032
2021-07-25,130.95637168358928
2021-07-26,134.23472630622516
2021-07-27,129.79510348692926
2021-07-28,124.71771795141149
2021-07-29,128.9958049423227
2021-07-30,125.4726655164397
2021-07-31,122.00915326325368
2021-08-01,125.71616256757014
2021-08-02,128.32867890123865
2021-08-03,122.12632028806561
2021-08-04,126.81995050365929
2021-08-05,112.65274966763442
2021-08-06,119.9377604698929
2021-08-07,117.18953703683513
2021-08-08,108.3798319822106
2021-08-09,109.48827259547512
2021-08-10,105.79106446139653
2021-08-11,110.18261299532871
2021-08-12,104.989163727581
2021-08-13,105.69492895912526
2021-08-14,113.7750144112723
2021-08-15,107.00055966953197
2021-08-16,96.26656398488079
2021-08-17,97.25208103656307
2021-08-18,101.59467998915859
2021-08-19,93.2810555667681
2021-08-20,100.21810030740833
2021-08-21,98.39910903508402
2021-08-22,97.76846810993806
2021-08-23,99.31571172456303
2021-08-24,89.63552385411955
2021-08-25,89.87136650604522
2021-08-26,96.9960679843291
2021-08-27,90.3141443970068
2021-08-28,82.49756602510818
2021-08-29,89.91886998781278
2021-08-30,87.47504456153021
2021-08-31,87.65743125014117
2021-09-01,82.13759394601759
2021-09-02,84.72949778716797
2021-09-03,93.99303006960287
2021-09-04,83.67351114235194
2021-09-05,90.04602714157141
2021-09-06,83.13706168353623
2021-09-07,76.93354454041587
2021-09-08,79.97748372011247
2021-09-09,80.71861088871798
2021-09-10,77.2817463160977
2021-09-11,81.78458104211228
2021-09-12,78.06136877344731
2021-09-13,81.70669061464841
2021-09-14,79.08146243880246
2021-09-15,76.3763970608775
2021-09-16,79.3344012339792
2021-09-17,75.33292042258842
2021-09-18,75.60094810212225
2021-09-19,75.83649261175323
2021-09-20,72.54944149901605
2021-09-21,81.72686070156536
2021-09-22,77.35220253820026
2021-09-23,80.64487853043966
2021-09-24,75.0214587722071
2021-09-25,76.70993709128119
2021-09-26,73.54742639190349
2021-09-27,83.4624023047148
2021-09-28,69.83857535305447
2021-09-29,68.47185037800409
2021-09-30,79.93722348348477
2021-10-01,76.04997844717666
2021-10-02,73.6235787951251
2021-10-03,81.31347789457855
2021-10-04,79.33916747767006
2021-10-05,79.93142992603887
2021-10-06,70.79720258170333
2021-10-07,71.7317356883281
2021-10-08,77.50777610024436
2021-10-09,75.53620513576304
2021-10-10,76.50933531440266
2021-10-11,77.10241399676642
2021-10-12,78.47229728036153
2021-10-13,76.98227020492365
2021-10-14,80.32963174820198
2021-10-15,81.00717782005432
2021-10-16,86.06896468359533
2021-10-17,75.06550483911519
2021-10-18,76.51330539300154
2021-10-19,84.4235941680915
2021-10-20,76.98342114694188
2021-10-21,82.18420855414864
2021-10-22,79.09932774050283
2021-10-23,74.49962369924766
2021-10-24,85.57861638839609
2021-10-25,84.95667313735728
2021-10-26,76.32643322036448
2021-10-27,83.48881230079444
2021-10-28,85.81546379186992
2021-10-29,85.07631186482742
2021-10-30,87.82664583174986
2021-10-31,92.06788567157497
2021-11-01,89.275560979378
2021-11-02,89.75425740839383
2021-11-03,97.15412490094653
2021-11-04,91.55642470386906
2021-11-05,98.97910758545439
2021-11-06,83.06891634113146
2021-11-07,90.82622234148985
2021-11-08,98.1630219046198
2021-11-09,97.0758925196519
2021-11-10,100.78153477717585
2021-11-11,94.95803928769352
2021-11-12,98.94853183861821
2021-11-13,96.84692502174579
2021-11-14,96.2330299383936
2021-11-15,105.17939642250235
2021-11-16,97.89775337039693
2021-11-17,107.08020942904977
2021-11-18,106.70657631340438
2021-11-19,106.6944744641067
2021-11-20,107.56472038521014
2021-11-21,102.26660959108982
2021-11-22,101.11094541482503
2021-11-23,120.84647482538598
2021-11-24,119.97951236080894
2021-11-25,122.71588382334699
2021-11-26,118.18936278143806
2021-11-27,120.15332008028237
2021-11-28,113.6989079217821
2021-11-29,116.87039478252494
2021-11-30,119.3306015547664
2021-12-01,125.10628799287608
2021-12-02,119.3017059458396
2021-12-03,129.8223152447821
2021-12-04,133.55924033181242
2021-12-05,133.58265741757356
2021-12-06,126.4823058742715
2021-12-07,129.6007568604369
2021-12-08,132.9763491517796
2021-12-09,135.04254814063844
2021-12-10,142.23669988556287
2021-12-11,142.74130099751662
2021-12-12,146.5734790624524
2021-12-13,141.26181984807482
2021-12-14,148.38367096639828
2021-12-15,142.71748080432891
2021-12-16,143.6316883176822
2021-12-17,147.696536004333
2021-12-18,143.55209080114562
2021-12-19,157.16509176176368
2021-12-20,150.00126470683776
2021-12-21,156.3039532223872
2021-12-22,157.91216164800008
2021-12-23,155.61721356538428
2021-12-24,163.1356063359002
2021-12-25,155.5175939417636
2021-12-26,168.60959244884333
2021-12-27,166.42142463990265
2021-12-28,167.68950162597227
2021-12-29,169.70377304214566
2021-12-30,169.57827104290982
2021-12-31,170.57924132422744
2022-01-01,173.18798329727116
2022-01-02,177.12964273013876
2022-01-03,175.11674278890857
2022-01-04,183.4973949708331
2022-01-05,184.35132071224913
2022-01-06,178.55162108211698
2022-01-07,186.8063703308082
2022-01-08,185.53878865937702
2022-01-09,188.88835610009318
2022-01-10,183.10008315047057
2022-01-11,192.25618144523088
2022-01-12,191.0010566124364
2022-01-13,183.0885217276523
2022-01-14,193.39796053014086
2022-01-15,199.22600064161273
2022-01-16,194.27792280094965
2022-01-17,196.9281322609301
2022-01-18,192.01941670660386
2022-01-19,201.65705553833368
2022-01-20,198.84419719312103
2022-01-21,201.71096774480728
2022-01-22,203.4624706229386
2022-01-23,202.11112459016448
2022-01-24,201.4673955902141
2022-01-25,202.54481418928572
2022-01-26,205.3181133295837
2022-01-27,211.24884776926447
2022-01-28,209.08072338415457
2022-01-29,208.9095395453508
2022-01-30,214.80680876085108
2022-01-31,210.18501417969108
2022-02-01,211.66623844132184
2022-02-02,210.96368404606906
2022-02-03,212.4649528982507
2022-02-04,217.15100045123364
2022-02-05,216.74307770843578
2022-02-06,214.38844156542783
2022-02-07,215.83616741534055
2022-02-08,214.510583466847
2022-02-09,216.48594417889132
2022-02-10,220.21401727911882
2022-02-11,218.72710346270185
2022-02-12,221.3613408008975
2022-02-13,221.0594201855909
2022-02-14,220.52593909636497
2022-02-15,221.52316446326714
2022-02-16,223.27682149039327
2022-02-17,218.86906933098842
2022-02-18,222.32441279346136
2022-02-19,222.8024015600562
2022-02-20,221.43268842460537
2022-02-21,224.03375956496305
2022-02-22,225.82449293041103
2022-02-23,224.33352535404205
2022-02-24,228.41379855911
2022-02-25,227.57535457856733
2022-02-26,224.22927050349406
2022-02-27,227.22033197316898
2022-02-28,224.00005669288552
2022-03-01,228.9756655980504
2022-03-02,227.58612192808226
2022-03-03,229.47205052026032
2022-03-04,225.42422970764372
2022-03-05,232.22384648202257
2022-03-06,229.63156583647051
2022-03-07,230.30854056816406
2022-03-08,230.91685046510034
2022-03-09,228.16946631612345
2022-03-10,230.04940260444454
2022-03-11,228.36701444177146
2022-03-12,234.51225078837265
2022-03-13,231.8925336869082
2022-03-14,232.0576155418378
2022-03-15,236.4819172490943
2022-03-16,233.62361718389513
2022-03-17,232.2757501348688
2022-03-18,232.81290632322677
2022-03-19,232.65378281501722
2022-03-20,231.39868230677874
2022-03-21,230.77075378235338
2022-03-22,235.37649394379767
2022-03-23,232.6965096224786
2022-03-24,235.42560620944744
2022-03-25,235.87129685174187
2022-03-26,234.3906515832615
2022-03-27,232.1475382885851
2022-03-28,234.25233933110084
2022-03-29,226.951119736189
2022-03-30,234.37942922362845
2022-03-31,231.02126832119367
2022-04-01,233.3429371910593
2022-04-02,237.84214903089367
2022-04-03,236.25127618156876
2022-04-04,232.94731990962399
2022-04-05,232.1255220071034
2022-04-06,233.5403388438074
2022-04-07,231.7936029884549
2022-04-08,232.90225704706182
2022-04-09,233.06120031382892
2022-04-10,234.83630876833968
2022-04-11,232.09169939551575
2022-04-12,235.0278406550864
2022-04-13,231.11203258907815
2022-04-14,231.59770747978834
2022-04-15,231.47714728612482
2022-04-16,233.6869339656626
2022-04-17,232.31518265166997
2022-04-18,232.3027023928824
2022-04-19,232.302023253385
2022-04-20,226.46944616838272
2022-04-21,229.07301983463822
2022-04-22,231.9423950664701
2022-04-23,234.55392026092477
2022-04-24,231.91196167285187
2022-04-25,232.68024423847947
2022-04-26,232.0757733339261
2022-04-27,230.37004620875885
2022-04-28,228.8343840318528
2022-04-29,225.06342942535076
2022-04-30,226.94014410375488
2022-05-01,226.6154164466595
2022-05-02,226.81734759769034
2022-05-03,227.94494481658575
2022-05-04,231.2972745982657
2022-05-05,226.68088945283628
2022-05-06,222.6837188518273
2022-05-07,225.50673668526744
2022-05-08,230.46091475824184
2022-05-09,223.65446924706964
2022-05-10,227.12419647447348
2022-05-11,221.4399249291429
2022-05-12,225.74854340125316
2022-05-13,220.34903516617194
2022-05-14,223.68237785923648
2022-05-15,222.90329205907375
2022-05-16,221.93532626140785
2022-05-17,224.37628361035235
2022-05-18,218.03471423240802
2022-05-19,216.08628802426358
2022-05-20,220.0396216307374
2022-05-21,223.12863568427215
2022-05-22,219.60546125865446
2022-05-23,215.01253928000077
2022-05-24,212.2109357705648
2022-05-25,215.41908499102263
2022-05-26,216.9175782464263
2022-05-27,215.1789156092317
2022-05-28,214.87501527317178
2022-05-29,212.28609110904017
2022-05-30,209.21151623982604
2022-05-31,215.1139859700064
2022-06-01,205.5425829879185
2022-06-02,211.49435405257745
2022-06-03,206.47736628931412
2022-06-04,210.31753163689558
2022-06-05,209.25908948789566
2022-06-06,206.58367232990202
2022-06-07,209.85169540391234
2022-06-08,205.34743054931613
2022-06-09,202.80835579458554
2022-06-10,198.37599444910768
2022-06-11,200.0046820055253
2022-06-12,199.4288729159904
2022-06-13,201.2968047139093
2022-06-14,195.62265927335275
2022-06-15,193.583708459447
2022-06-16,191.87909299112155
2022-06-17,193.36413364161257
2022-06-18,195.36887390152475
2022-06-19,191.71744978247065
2022-06-20,190.84462855304957
2022-06-21,196.5614240716014
2022-06-22,195.1044059344308
2022-06-23,181.9200147147289
2022-06-24,182.37475686070437
2022-06-25,190.81034646618798
2022-06-26,181.1526423988386
2022-06-27,184.72237066878284
2022-06-28,172.59322802430668
2022-06-29,183.2777842532628
2022-06-30,171.55790788498095
2022-07-01,177.0840976172912
2022-07-02,169.47942831796186
2022-07-03,171.34612964942698
2022-07-04,177.91749357535485
2022-07-05,174.5944232972901
2022-07-06,161.662420655114
2022-07-07,163.01697487922462
2022-07-08,157.39399255375199
2022-07-09,162.25216597268036
2022-07-10,165.72391655819345
2022-07-11,161.5249394328945
2022-07-12,156.1127332342941
2022-07-13,155.34730360680052
2022-07-14,153.3904935679974
2022-07-15,142.430600519143
2022-07-16,154.73137861087133
2022-07-17,146.16808868047644
2022-07-18,146.73136682030625
2022-07-19,144.01770993801864
2022-07-20,147.3475326307914
2022-07-21,145.5154397649539
2022-07-22,137.55668220139188
2022-07-23,133.40375181850047
2022-07-24,144.64525859031917
2022-07-25,132.9897675835233
2022-07-26,133.61155996006002
2022-07-27,137.51888168903125
2022-07-28,130.06782915957479
2022-07-29,122.27015623146282
2022-07-30,127.48307586373431
2022-07-31,131.30654145567945
2022-08-01,123.54852603566626
2022-08-02,113.05791849705845
2022-08-03,120.14291976399792
2022-08-04,122.91891850385657
2022-08-05,126.36941966531191
2022-08-06,110.14918430393394
2022-08-07,111.75446834321765
2022-08-08,115.53515902276813
2022-08-09,104.7292732758766
2022-08-10,105.95037129039513
2022-08-11,111.95434805174659
2022-08-12,105.1312558238158
2022-08-13,114.03061710917534
2022-08-14,111.78055533059992
2022-08-15,99.18823748314496
2022-08-16,105.05656701730751
2022-08-17,103.7937387848363
2022-08-18,99.47852764727621
2022-08-19,102.16233421689995
2022-08-20,109.80677290309431
2022-08-21,97.8275551914213
2022-08-22,98.80057485164268
2022-08-23,98.9524815863745
2022-08-24,88.476964261635
2022-08-25,101.78763986893411
2022-08-26,95.30666007962073
2022-08-27,92.7896503946522
2022-08-28,81.98022975235948
2022-08-29,88.8960354684929
2022-08-30,86.69156467388301
2022-08-31,95.33838167133995
2022-09-01,89.28091115019674
2022-09-02,79.36421071189253
2022-09-03,85.63775319911751
2022-09-04,91.1394288182439
2022-09-05,82.93898872696786
2022-09-06,84.21195389642634
2022-09-07,79.54426096627192
2022-09-08,83.85357669470334
2022-09-09,89.32292814202414
2022-09-10,80.64843388943228
2022-09-11,77.74275637271654
2022-09-12,85.61019432576978
2022-09-13,79.17476708256147
2022-09-14,72.7203027190247
2022-09-15,82.12572218183128
2022-09-16,77.10780576410227
2022-09-17,76.57992793469707
2022-09-18,73.8380411829558
2022-09-19,76.56266570595261
2022-09-20,73.99781623389613
2022-09-21,81.41337665811102
2022-09-22,74.84485074970799
2022-09-23,77.78404199596847
2022-09-24,67.17424656094275
2022-09-25,77.00313601603153
2022-09-26,70.60218077378704
2022-09-27,65.48949375682292
2022-09-28,71.17575752715089
2022-09-29,67.47819625705384
2022-09-30,77.36236855615842
2022-10-01,68.15802514100035
2022-10-02,73.22637702771512
2022-10-03,70.42419050191124
2022-10-04,75.57293410483523
2022-10-05,77.89735466228264
2022-10-06,71.03250360609199
2022-10-07,75.02562509617222
2022-10-08,78.63381703478309
2022-10-09,73.07866640047737
2022-10-10,70.46902641968799
2022-10-11,76.93632285854548
2022-10-12,74.31211761725483
2022-10-13,72.4978521660644
2022-10-14,77.47103122977855
2022-10-15,84.84512528401238
2022-10-16,74.14667163886159
2022-10-17,88.7823792146884
2022-10-18,81.63407740845282
2022-10-19,83.98158282570212
2022-10-20,94.40217476341606
2022-10-21,82.51256954232294
2022-10-22,82.65163899203785
2022-10-23,80.4584178669501
2022-10-24,82.18669679113123
2022-10-25,86.61979047328272
2022-10-26,89.75045194722098
2022-10-27,88.71107037443387
2022-10-28,92.46079500916716
2022-10-29,84.76789705212875
2022-10-30,91.86995116804472
2022-10-31,86.74153163376786
2022-11-01,81.78364615408083
2022-11-02,90.62059938816034
2022-11-03,86.30077495686378
2022-11-04,92.95414328142368
2022-11-05,87.76838687641141
2022-11-06,90.97339409613188
2022-11-07,88.00147593112897
2022-11-08,87.26919521984809
2022-11-09,94.51603800824455
2022-11-10,101.74636325952373
2022-11-11,97.6829044778127
2022-11-12,99.65277502680057
2022-11-13,106.15920117252614
2022-11-14,104.75318903857573
2022-11-15,106.06998544134106
2022-11-16,106.40327863852187
2022-11-17,102.29864814995389
2022-11-18,98.54720776142311
2022-11-19,103.99970174027784
2022-11-20,111.09056410486706
2022-11-21,109.94574795131261
2022-11-22,110.65733058474817
2022-11-23,110.11554619194209
2022-11-24,113.06303583049352
2022-11-25,115.35779406123906
2022-11-26,117.15090627289291
2022-11-27,126.96502313233535
2022-11-28,117.43827144048994
2022-11-29,126.04957284350134
2022-11-30,125.17728677518492
2022-12-01,122.7159608658886
2022-12-02,133.54123401369827
2022-12-03,134.23414493217848
2022-12-04,135.18562398093638
2022-12-05,134.54324225782364
2022-12-06,138.10797088574873
2022-12-07,145.95935724505125
2022-12-08,138.08284179330457
2022-12-09,135.52228442296212
2022-12-10,136.86309139665855
2022-12-11,135.48432120498154
2022-12-12,141.63524401762248
2022-12-13,142.49098965011316
2022-12-14,143.92620248237247
2022-12-15,145.50462804435105
2022-12-16,150.6618049296058
2022-12-17,150.65210596545705
2022-12-18,154.45409929593228
2022-12-19,161.5017026592071
2022-12-20,153.4955004416125
2022-12-21,151.76416456397888
2022-12-22,156.77668263254517
2022-12-23,162.3031170699419
2022-12-24,164.60917140726644
2022-12-25,166.82023059698432
2022-12-26,156.17078448985916
2022-12-27,167.50968140029428
2022-12-28,170.94548513193698
2022-12-29,166.24945626793885
2022-12-30,174.35549864114526
2022-12-31,166.49500951956847
2023-01-01,169.54579904556232
2023-01-02,185.13195502274797
2023-01-03,183.20029724471507
2023-01-04,182.453137429282
2023-01-05,182.90091017372077
2023-01-06,182.59863967754373
2023-01-07,181.26471366874358
2023-01-08,183.8343610918196
2023-01-09,188.35677645607615
2023-01-10,182.28061720872756
2023-01-11,181.99070756874178
2023-01-12,190.93118690783214
2023-01-13,193.65166124743072
2023-01-14,195.091702493365
2023-01-15,199.74890861449683
2023-01-16,194.99336430898956
2023-01-17,204.42316749160224
2023-01-18,195.1722790409382
2023-01-19,202.11137305605456
2023-01-20,200.27000924685044
2023-01-21,201.644932069563
2023-01-22,202.8368922709441
2023-01-23,205.02476143606228
2023-01-24,206.4163197846775
2023-01-25,205.82677887806906
2023-01-26,206.65673173456557
2023-01-27,209.84814286670533
2023-01-28,205.0105923783588
2023-01-29,207.30706497362598
2023-01-30,211.26303647485184
2023-01-31,208.77302093852802
2023-02-01,211.81855556321588
2023-02-02,210.8287228116327
2023-02-03,212.73122767649252
2023-02-04,214.83608768946456
2023-02-05,219.48741968942463
2023-02-06,216.69416396804795
2023-02-07,219.36674981227102
2023-02-08,214.2090100474249
2023-02-09,217.14410938222727
2023-02-10,217.65704654856654
2023-02-11,219.22482039954085
2023-02-12,218.59296538690108
2023-02-13,220.08540113872348
2023-02-14,221.06015952891886
2023-02-15,219.34096513938383
2023-02-16,221.6051217197213
2023-02-17,218.37463248678432
2023-02-18,222.71120066351938
2023-02-19,224.36369129580973
2023-02-20,225.35775955874033
2023-02-21,224.73381305847516
2023-02-22,223.57650612584888
2023-02-23,227.57493221468974
2023-02-24,225.50778960102758
2023-02-25,226.07039008943443
2023-02-26,226.88772958320604
2023-02-27,230.8230676883562
2023-02-28,230.45480750385948
2023-03-01,227.11831032908296
2023-03-02,228.09462053828355
2023-03-03,226.36079505891286
2023-03-04,226.52782713412276
2023-03-05,223.09405604823496
2023-03-06,230.74644259975463
2023-03-07,233.78336924170557
2023-03-08,229.6682974212388
2023-03-09,232.71997316279936
2023-03-10,232.16157860942747
2023-03-11,228.86997341951775
2023-03-12,232.25095897842667
2023-03-13,234.63932012390498
2023-03-14,232.71047724794815
2023-03-15,230.10062571455856
2023-03-16,230.58707336508817
2023-03-17,232.17798153777468
2023-03-18,232.1825828124388
2023-03-19,234.36310524484767
2023-03-20,228.54666583577546
2023-03-21,230.66143520187677
2023-03-22,232.51601639688474
2023-03-23,232.86298970571443
2023-03-24,233.32045926457016
2023-03-25,233.7721352890218
2023-03-26,234.63249027493083
2023-03-27,235.66108876571974
2023-03-28,229.7224299231607
2023-03-29,235.48839122080025
2023-03-30,233.97196274609823
2023-03-31,233.00546035860472
2023-04-01,231.8055130203585
2023-04-02,234.6098191255474
2023-04-03,233.92119277083987
2023-04-04,231.95585992889897
2023-04-05,236.40810678650044
2023-04-06,233.3725869523614
2023-04-07,233.99915301910787
2023-04-08,232.78902034832794
2023-04-09,232.1092720034803
2023-04-10,231.37997440080807
2023-04-11,233.1601013539988
2023-04-12,232.29216076054462
2023-04-13,233.20575672456224
2023-04-14,234.41583823489455
2023-04-15,234.57468488046806
2023-04-16,230.01794268331835
2023-04-17,232.86571418984997
2023-04-18,231.7770314295559
2023-04-19,228.45290647860918
2023-04-20,232.2248896286438
2023-04-21,232.51082653184878
2023-04-22,232.35269736614447
2023-04-23,232.85568026980124
2023-04-24,234.6526875856871
2023-04-25,233.92338635882032
2023-04-26,232.27768372018534
2023-04-27,231.40805415012346
2023-04-28,230.68819304167965
2023-04-29,229.9662587031921
2023-04-30,225.60398139107903
2023-05-01,228.3988625340541
2023-05-02,230.27838465443392
2023-05-03,226.9712180534523
2023-05-04,226.1331170787654
2023-05-05,228.19416780900477
2023-05-06,229.15096480952099
2023-05-07,226.2991249886991
2023-05-08,224.6320653126525
2023-05-09,226.81473699361922
2023-05-10,226.3494763958095
2023-05-11,224.61109540485614
2023-05-12,226.87502233147404
2023-05-13,222.82943282337337
2023-05-14,220.67711113694966
2023-05-15,224.42858285165278
2023-05-16,222.29978509892666
2023-05-17,222.26013182750137
2023-05-18,221.55949168817108
2023-05-19,216.11252635844855
2023-05-20,220.58538177042476
2023-05-21,218.36827280945033
2023-05-22,218.25198324637876
2023-05-23,216.1998330023184
2023-05-24,217.44209768759214
2023-05-25,214.92179557821567
2023-05-26,219.23694094486362
2023-05-27,212.1391920353431
2023-05-28,213.36620056193303
2023-05-29,208.90391855644717
2023-05-30,218.55234029711312
2023-05-31,207.75600732585247
2023-06-01,211.5407439754926
2023-06-02,201.99724448624082
2023-06-03,210.55279818687194
2023-06-04,205.03936859401375
2023-06-05,207.81898999307285
2023-06-06,205.78118348568813
2023-06-07,204.38081436443852
2023-06-08,202.98162226363945
2023-06-09,202.5715005824409
2023-06-10,203.336728478629
2023-06-11,200.1227944687575
2023-06-12,202.56298212996418
2023-06-13,205.51005632473687
2023-06-14,192.14763985616977
2023-06-15,195.81331914819182
2023-06-16,193.81234642795803
2023-06-17,193.206060552662
2023-06-18,192.7542101694259
2023-06-19,196.2432712226277
2023-06-20,189.18894479568914
2023-06-21,188.73496640892796
2023-06-22,185.20170533890797
2023-06-23,193.82207279311686
2023-06-24,187.05180021504705
2023-06-25,178.58403976390986
2023-06-26,178.71324198762733
2023-06-27,174.21644094831294
2023-06-28,175.9541373725615
2023-06-29,175.14960326093424
2023-06-30,171.60547894934342
2023-07-01,165.54602336739623
2023-07-02,175.20009529335624
2023-07-03,163.6767343153847
2023-07-04,167.20241400605656
2023-07-05,161.49449461638955
2023-07-06,163.1096911816253
2023-07-07,169.0820668271479
2023-07-08,158.98227864171264
2023-07-09,155.55913741796263
2023-07-10,159.46679560394853
2023-07-11,149.88368181286495
2023-07-12,160.21006203937307
2023-07-13,153.3542270733721
2023-07-14,152.34472059194619
2023-07-15,154.85202507062246
2023-07-16,140.25493966714717
2023-07-17,143.33265514168139
2023-07-18,155.12938724206523
2023-07-19,143.65447356137966
2023-07-20,139.0463792165294
2023-07-21,142.71577835576912
2023-07-22,149.60037510230524
2023-07-23,140.08428194176105
2023-07-24,132.556098936364
2023-07-25,147.16000702122145
2023-07-26,125.47047569824231
2023-07-27,135.84676563700927
2023-07-28,129.1201582180115
2023-07-29,126.3691769764256
2023-07-30,128.79912470993742
2023-07-31,117.95154945825054
2023-08-01,114.90741383803237
2023-08-02,129.44977687218028
2023-08-03,121.92419059482562
2023-08-04,118.43599199379013
2023-08-05,118.93254567810412
2023-08-06,121.67227976959087
2023-08-07,111.20494032980976
2023-08-08,115.9008816786415
2023-08-09,109.40862486757318
2023-08-10,105.66623906593409
2023-08-11,108.95871456710417
2023-08-12,101.08640463513353
2023-08-13,112.71247729930995
2023-08-14,102.26575481707877
2023-08-15,109.63536778533867
2023-08-16,102.21653654952681
2023-08-17,102.81547000443867
2023-08-18,96.30314320480457
2023-08-19,95.83161667372136
2023-08-20,89.19231237787166
2023-08-21,97.29684841617173
2023-08-22,90.17601456843744
2023-08-23,91.60185199253698
2023-08-24,95.94680831285613
2023-08-25,95.96405781700881
2023-08-26,97.71449605320058
2023-08-27,97.17729501413265
2023-08-28,81.11760494649621
2023-08-29,86.79999523972002
2023-08-30,84.27314636517453
2023-08-31,79.69699006186529
2023-09-01,87.72080552833644
2023-09-02,88.42355559987206
2023-09-03,80.79852204285172
2023-09-04,85.69744262662017
2023-09-05,92.22888080056755
2023-09-06,82.30885024437883
2023-09-07,74.96021659153078
2023-09-08,77.38192827538236
2023-09-09,82.83722099613937
2023-09-10,80.05723725272878
2023-09-11,83.64712139026004
2023-09-12,84.00543368059655
2023-09-13,82.69413809078605
2023-09-14,72.26521816695573
2023-09-15,79.16231707491258
2023-09-16,73.54948450613121
2023-09-17,73.54101379965057
2023-09-18,89.3945735903047
2023-09-19,78.77806880384031
2023-09-20,76.31814449899863
2023-09-21,67.82723902291433
2023-09-22,85.12874115607427
2023-09-23,76.37431875804182
2023-09-24,80.65582245185057
2023-09-25,83.39015423286862
2023-09-26,75.71773726086664
2023-09-27,80.08867506354159
2023-09-28,75.28010797172377
2023-09-29,72.77688627984566
2023-09-30,81.79442147724549
2023-10-01,81.95348304409191
2023-10-02,74.01801944282299
2023-10-03,65.91378317210751
2023-10-04,80.64995242640676
2023-10-05,78.59759041019541
2023-10-06,88.87044541310904
2023-10-07,74.7804624250307
2023-10-08,75.21351083580781
2023-10-09,70.574560742036
2023-10-10,68.98845938476877
2023-10-11,69.36173807840277
2023-10-12,77.33488756170992
2023-10-13,76.01655352820855
2023-10-14,75.11513625592596
2023-10-15,79.54093362152267
2023-10-16,75.13634456959285
2023-10-17,79.82564824477988
2023-10-18,82.02270998131439
2023-10-19,79.89848472288689
2023-10-20,81.9150045554824
2023-10-21,79.31958110402132
2023-10-22,85.19787289579382
2023-10-23,89.67777665252466
2023-10-24,85.5080782031621
2023-10-25,87.46297384755385
2023-10-26,78.11484811573426
2023-10-27,79.54324361127058
2023-10-28,83.68683165554934
2023-10-29,93.82680885958389
2023-10-30,86.15654540812308
2023-10-31,85.64074293713165
2023-11-01,92.41309551477337
2023-11-02,90.36465389216086
2023-11-03,96.13522005902017
2023-11-04,90.19314661481047
2023-11-05,96.13353492403131
2023-11-06,91.80648867360316
2023-11-07,93.52090748358455
2023-11-08,96.93589987179546
2023-11-09,94.8248852929556
2023-11-10,99.36088466357886
2023-11-11,100.43762292397668
2023-11-12,96.21742900018529
2023-11-13,98.29453228388962
2023-11-14,101.93096278214259
2023-11-15,106.80949933027435
2023-11-16,105.11608896840849
2023-11-17,102.27483953389905
2023-11-18,106.3629634239056
2023-11-19,109.40422488679731
2023-11-20,107.42207139129515
2023-11-21,113.7065573528014
2023-11-22,114.64444704926565
2023-11-23,113.96190111844892
2023-11-24,110.85067018021367
2023-11-25,114.03753300096258
2023-11-26,115.60677091699571
2023-11-27,115.1549889966056
2023-11-28,121.7699593786281
2023-11-29,123.25258613370525
2023-11-30,129.54690158405117
2023-12-01,124.26119697873254
2023-12-02,134.24061163091588
2023-12-03,126.38300483486803
2023-12-04,134.27204682199414
2023-12-05,128.2528546455002
2023-12-06,133.71369643139798
2023-12-07,131.08172216263193
2023-12-08,134.579368076911
2023-12-09,137.72979602463823
2023-12-10,146.73550704802912
2023-12-11,141.69282126357248
2023-12-12,144.8830360621518
2023-12-13,141.7763244088599
2023-12-14,137.66774630945622
2023-12-15,148.78074560946382
2023-12-16,152.1657454412799
2023-12-17,151.84018064582935
2023-12-18,151.13198449239562
2023-12-19,150.60621698776959
2023-12-20,154.63665267743943
2023-12-21,150.7120901916674
2023-12-22,160.54958129121638
2023-12-23,162.93709121923362
2023-12-24,159.48493114332578
2023-12-25,168.24950251389862
2023-12-26,172.6293958821561
2023-12-27,168.33185497439547
2023-12-28,175.3930572386915
2023-12-29,167.7684734559925
2023-12-30,172.21440248107845
2023-12-31,170.2824108587292
2024-01-01,184.21450455943577
